Date,Description,Amount
01/09/2026,SALARY ACME LTD,1850.00
01/09/2026,RENT PAYMENT SEPTEMBER,-650.00
02/09/2026,CARD PAYMENT TO TESCO STORES 3321,-24.35
03/09/2026,TFL TRAVEL CH,-7.40
03/09/2026,PRET A MANGER CARDIFF,-6.85
04/09/2026,NETFLIX.COM,-10.99
05/09/2026,PUREGYM LTD,-24.99
06/09/2026,UBER *TRIP,-11.20
07/09/2026,LIDL GB CARDIFF,-18.70
08/09/2026,AMAZON.CO.UK MKTPLACE,-32.99
09/09/2026,SPOTIFY P1234,-11.99
10/09/2026,ATM CASH WITHDRAWAL,-40.00
11/09/2026,GREGGS 1122,-3.50
12/09/2026,TESCO EXPRESS 0098,-9.10
13/09/2026,OCTOPUS ENERGY,-58.00
14/09/2026,WATERSTONES CARDIFF,-14.99
15/09/2026,PUREGYM LTD,-24.99
16/09/2026,NANDOS CARDIFF,-19.40
18/09/2026,REFUND AMAZON,12.00
20/09/2026,VODAFONE LTD,-15.00
