Number,Date,Account,Amount,Subcategory,Memo
1,01/07/2026,20-00-00 12345678,-650.00,PAYMENT,RENT - LANDLORD J DAVIES
2,01/07/2026,20-00-00 12345678,-13.26,PAYMENT,TURKISH BARBERS 3386
3,02/07/2026,20-00-00 12345678,-12.95,PAYMENT,LIDL GB CARDIFF
4,02/07/2026,20-00-00 12345678,-38.39,PAYMENT,TESCO STORES 2186 CARDIFF
5,03/07/2026,20-00-00 12345678,-21.21,PAYMENT,DELIVEROO.COM
6,03/07/2026,20-00-00 12345678,-32.47,PAYMENT,GWR TICKET OFFICE
7,03/07/2026,20-00-00 12345678,-12.96,PAYMENT,SAINSBURYS S/MKTS
8,04/07/2026,20-00-00 12345678,-10.77,PAYMENT,AMAZON.CO.UK*9088
9,04/07/2026,20-00-00 12345678,-29.56,PAYMENT,TESCO STORES 6991 CARDIFF
10,05/07/2026,20-00-00 12345678,-10.30,PAYMENT,ALDI 9858 NEWPORT RD
11,05/07/2026,20-00-00 12345678,-24.99,PAYMENT,PUREGYM LTD
12,05/07/2026,20-00-00 12345678,-15.00,PAYMENT,VODAFONE LTD
13,06/07/2026,20-00-00 12345678,-16.98,PAYMENT,NANDOS CARDIFF
14,08/07/2026,20-00-00 12345678,-4.72,PAYMENT,COSTA COFFEE 2341
15,08/07/2026,20-00-00 12345678,-5.10,PAYMENT,COSTA COFFEE 3945
16,08/07/2026,20-00-00 12345678,-21.73,PAYMENT,PRIMARK CARDIFF
17,08/07/2026,20-00-00 12345678,-8.07,PAYMENT,VUE CINEMAS CARDIFF
18,09/07/2026,20-00-00 12345678,-95.00,PAYMENT,CARDIFF COUNCIL TAX
19,09/07/2026,20-00-00 12345678,-46.37,PAYMENT,TRAINLINE.COM
20,10/07/2026,20-00-00 12345678,-9.89,PAYMENT,ALDI 3961 NEWPORT RD
21,10/07/2026,20-00-00 12345678,-10.99,PAYMENT,NETFLIX.COM
22,11/07/2026,20-00-00 12345678,-22.61,PAYMENT,TESCO STORES 3471 CARDIFF
23,12/07/2026,20-00-00 12345678,-33.92,PAYMENT,NATIONAL EXPRESS
24,12/07/2026,20-00-00 12345678,-12.96,PAYMENT,UBER *TRIP HELP.UBER.COM
25,13/07/2026,20-00-00 12345678,-29.43,PAYMENT,LIDL GB CARDIFF
26,13/07/2026,20-00-00 12345678,-11.99,PAYMENT,SPOTIFY P6685
27,14/07/2026,20-00-00 12345678,-10.58,PAYMENT,TESCO STORES 7851 CARDIFF
28,15/07/2026,20-00-00 12345678,-8.99,PAYMENT,AMAZON PRIME*6823
29,15/07/2026,20-00-00 12345678,-4.08,PAYMENT,COSTA COFFEE 8424
30,15/07/2026,20-00-00 12345678,-62.00,PAYMENT,OCTOPUS ENERGY
31,15/07/2026,20-00-00 12345678,-16.08,PAYMENT,UBER *TRIP HELP.UBER.COM
32,16/07/2026,20-00-00 12345678,-5.27,PAYMENT,MCDONALDS 7909
33,17/07/2026,20-00-00 12345678,-5.63,PAYMENT,COSTA COFFEE 9111
34,17/07/2026,20-00-00 12345678,-9.39,PAYMENT,TESCO STORES 4517 CARDIFF
35,18/07/2026,20-00-00 12345678,-4.26,PAYMENT,GREGGS 2028
36,18/07/2026,20-00-00 12345678,-5.11,PAYMENT,GREGGS 8005
37,19/07/2026,20-00-00 12345678,-3.49,PAYMENT,GREGGS 4078
38,19/07/2026,20-00-00 12345678,-57.37,PAYMENT,SAINSBURYS S/MKTS
39,19/07/2026,20-00-00 12345678,-10.08,PAYMENT,UBER *TRIP HELP.UBER.COM
40,20/07/2026,20-00-00 12345678,-3.99,PAYMENT,GREGGS 4374
41,21/07/2026,20-00-00 12345678,-19.85,PAYMENT,LIDL GB CARDIFF
42,22/07/2026,20-00-00 12345678,-58.31,PAYMENT,ATM CASH WITHDRAWAL 7233
43,22/07/2026,20-00-00 12345678,-10.35,PAYMENT,MCDONALDS 2271
44,23/07/2026,20-00-00 12345678,-19.40,PAYMENT,WATERSTONES
45,24/07/2026,20-00-00 12345678,-17.18,PAYMENT,DELIVEROO.COM
46,25/07/2026,20-00-00 12345678,-14.08,PAYMENT,AMAZON.CO.UK*5709
47,25/07/2026,20-00-00 12345678,1450.00,CREDIT,SALARY UNIVERSITY OF ROEHAMPTON
48,27/07/2026,20-00-00 12345678,-11.57,PAYMENT,STEAM PURCHASE
49,28/07/2026,20-00-00 12345678,-5.29,PAYMENT,BOOTS 9134
50,01/08/2026,20-00-00 12345678,-650.00,PAYMENT,RENT - LANDLORD J DAVIES
51,03/08/2026,20-00-00 12345678,-37.29,PAYMENT,PRIMARK CARDIFF
52,05/08/2026,20-00-00 12345678,-12.33,PAYMENT,NATIONAL EXPRESS
53,05/08/2026,20-00-00 12345678,-21.43,PAYMENT,STEAM PURCHASE
54,06/08/2026,20-00-00 12345678,-25.89,PAYMENT,DELIVEROO.COM
55,06/08/2026,20-00-00 12345678,-62.00,PAYMENT,OCTOPUS ENERGY
56,06/08/2026,20-00-00 12345678,-24.99,PAYMENT,PUREGYM LTD
57,07/08/2026,20-00-00 12345678,-8.99,PAYMENT,AMAZON PRIME*8907
58,07/08/2026,20-00-00 12345678,-3.45,PAYMENT,GREGGS 9654
59,07/08/2026,20-00-00 12345678,-9.57,PAYMENT,LIDL GB CARDIFF
60,07/08/2026,20-00-00 12345678,-14.01,PAYMENT,TESCO STORES 8219 CARDIFF
61,07/08/2026,20-00-00 12345678,-35.13,PAYMENT,TRAINLINE.COM
62,08/08/2026,20-00-00 12345678,-11.99,PAYMENT,SPOTIFY P8701
63,08/08/2026,20-00-00 12345678,-12.21,PAYMENT,UBER *TRIP HELP.UBER.COM
64,09/08/2026,20-00-00 12345678,-4.10,PAYMENT,COSTA COFFEE 9493
65,09/08/2026,20-00-00 12345678,-20.45,PAYMENT,LIDL GB CARDIFF
66,10/08/2026,20-00-00 12345678,-2.58,PAYMENT,GREGGS 2407
67,11/08/2026,20-00-00 12345678,-22.97,PAYMENT,NANDOS CARDIFF
68,11/08/2026,20-00-00 12345678,-15.12,PAYMENT,SAINSBURYS S/MKTS
69,11/08/2026,20-00-00 12345678,-15.00,PAYMENT,VODAFONE LTD
70,12/08/2026,20-00-00 12345678,-7.69,PAYMENT,LIDL GB CARDIFF
71,12/08/2026,20-00-00 12345678,-10.99,PAYMENT,NETFLIX.COM
72,12/08/2026,20-00-00 12345678,-13.65,PAYMENT,TURKISH BARBERS 3554
73,12/08/2026,20-00-00 12345678,-17.88,PAYMENT,UBER *TRIP HELP.UBER.COM
74,13/08/2026,20-00-00 12345678,-15.05,PAYMENT,TESCO STORES 2019 CARDIFF
75,13/08/2026,20-00-00 12345678,-25.82,PAYMENT,TESCO STORES 2696 CARDIFF
76,14/08/2026,20-00-00 12345678,22.50,CREDIT,REFUND AMAZON.CO.UK
77,16/08/2026,20-00-00 12345678,-10.23,PAYMENT,ALDI 3012 NEWPORT RD
78,16/08/2026,20-00-00 12345678,-20.45,PAYMENT,ALDI 8634 NEWPORT RD
79,16/08/2026,20-00-00 12345678,-4.07,PAYMENT,GREGGS 3645
80,18/08/2026,20-00-00 12345678,-26.02,PAYMENT,DELIVEROO.COM
81,19/08/2026,20-00-00 12345678,-36.83,PAYMENT,SAINSBURYS S/MKTS
82,19/08/2026,20-00-00 12345678,-12.84,PAYMENT,VUE CINEMAS CARDIFF
83,20/08/2026,20-00-00 12345678,-30.54,PAYMENT,AMAZON.CO.UK*1031
84,21/08/2026,20-00-00 12345678,-45.58,PAYMENT,AMAZON.CO.UK*6636
85,21/08/2026,20-00-00 12345678,-5.09,PAYMENT,COSTA COFFEE 2491
86,21/08/2026,20-00-00 12345678,-24.90,PAYMENT,TESCO STORES 1884 CARDIFF
87,23/08/2026,20-00-00 12345678,-5.74,PAYMENT,COSTA COFFEE 9899
88,24/08/2026,20-00-00 12345678,-48.99,PAYMENT,ATM CASH WITHDRAWAL 2391
89,24/08/2026,20-00-00 12345678,-95.00,PAYMENT,CARDIFF COUNCIL TAX
90,24/08/2026,20-00-00 12345678,-4.96,PAYMENT,GREGGS 6613
91,24/08/2026,20-00-00 12345678,-38.74,PAYMENT,GWR TICKET OFFICE
92,24/08/2026,20-00-00 12345678,-14.32,PAYMENT,WATERSTONES
93,25/08/2026,20-00-00 12345678,-3.89,PAYMENT,COSTA COFFEE 9652
94,25/08/2026,20-00-00 12345678,1450.00,CREDIT,SALARY UNIVERSITY OF ROEHAMPTON
95,26/08/2026,20-00-00 12345678,-11.65,PAYMENT,BOOTS 4265
96,26/08/2026,20-00-00 12345678,-10.64,PAYMENT,MCDONALDS 4197
97,26/08/2026,20-00-00 12345678,-11.67,PAYMENT,UBER *TRIP HELP.UBER.COM
98,27/08/2026,20-00-00 12345678,-10.18,PAYMENT,MCDONALDS 7564
99,28/08/2026,20-00-00 12345678,-22.73,PAYMENT,TESCO STORES 7428 CARDIFF
100,01/09/2026,20-00-00 12345678,-9.30,PAYMENT,BOOTS 7297
101,01/09/2026,20-00-00 12345678,-650.00,PAYMENT,RENT - LANDLORD J DAVIES
102,02/09/2026,20-00-00 12345678,-4.03,PAYMENT,GREGGS 2601
103,02/09/2026,20-00-00 12345678,-2.77,PAYMENT,GREGGS 5071
104,02/09/2026,20-00-00 12345678,-24.99,PAYMENT,PUREGYM LTD
105,02/09/2026,20-00-00 12345678,-13.10,PAYMENT,WATERSTONES
106,03/09/2026,20-00-00 12345678,-8.92,PAYMENT,AMAZON.CO.UK*6995
107,03/09/2026,20-00-00 12345678,-3.98,PAYMENT,COSTA COFFEE 8262
108,03/09/2026,20-00-00 12345678,-15.00,PAYMENT,VODAFONE LTD
109,04/09/2026,20-00-00 12345678,-30.62,PAYMENT,ATM CASH WITHDRAWAL 2377
110,04/09/2026,20-00-00 12345678,-10.99,PAYMENT,NETFLIX.COM
111,05/09/2026,20-00-00 12345678,-18.15,PAYMENT,GWR TICKET OFFICE
112,05/09/2026,20-00-00 12345678,-5.85,PAYMENT,MCDONALDS 7826
113,05/09/2026,20-00-00 12345678,-44.50,PAYMENT,TESCO STORES 8107 CARDIFF
114,05/09/2026,20-00-00 12345678,-13.10,PAYMENT,VUE CINEMAS CARDIFF
115,06/09/2026,20-00-00 12345678,-11.99,PAYMENT,SPOTIFY P4665
116,07/09/2026,20-00-00 12345678,-9.04,PAYMENT,TESCO STORES 4457 CARDIFF
117,07/09/2026,20-00-00 12345678,-26.54,PAYMENT,TESCO STORES 5799 CARDIFF
118,08/09/2026,20-00-00 12345678,-27.78,PAYMENT,DELIVEROO.COM
119,08/09/2026,20-00-00 12345678,-6.88,PAYMENT,UBER *TRIP HELP.UBER.COM
120,09/09/2026,20-00-00 12345678,-4.52,PAYMENT,COSTA COFFEE 8411
121,09/09/2026,20-00-00 12345678,-25.92,PAYMENT,NANDOS CARDIFF
122,11/09/2026,20-00-00 12345678,-4.12,PAYMENT,GREGGS 9492
123,14/09/2026,20-00-00 12345678,-8.99,PAYMENT,AMAZON PRIME*9447
124,14/09/2026,20-00-00 12345678,-24.76,PAYMENT,AMAZON.CO.UK*4207
125,14/09/2026,20-00-00 12345678,-10.25,PAYMENT,TESCO STORES 3147 CARDIFF
126,15/09/2026,20-00-00 12345678,-20.61,PAYMENT,LIDL GB CARDIFF
127,15/09/2026,20-00-00 12345678,-5.51,PAYMENT,MCDONALDS 6177
128,16/09/2026,20-00-00 12345678,-22.58,PAYMENT,ALDI 2971 NEWPORT RD
129,16/09/2026,20-00-00 12345678,-5.53,PAYMENT,GREGGS 2738
130,17/09/2026,20-00-00 12345678,-3.60,PAYMENT,COSTA COFFEE 9391
131,17/09/2026,20-00-00 12345678,-18.76,PAYMENT,LIDL GB CARDIFF
132,17/09/2026,20-00-00 12345678,-6.45,PAYMENT,LIDL GB CARDIFF
133,18/09/2026,20-00-00 12345678,-5.28,PAYMENT,COSTA COFFEE 1456
134,18/09/2026,20-00-00 12345678,-23.21,PAYMENT,PRIMARK CARDIFF
135,18/09/2026,20-00-00 12345678,-13.71,PAYMENT,TURKISH BARBERS 9434
136,20/09/2026,20-00-00 12345678,-62.00,PAYMENT,OCTOPUS ENERGY
137,21/09/2026,20-00-00 12345678,-21.43,PAYMENT,TRAINLINE.COM
138,22/09/2026,20-00-00 12345678,-31.03,PAYMENT,SAINSBURYS S/MKTS
139,22/09/2026,20-00-00 12345678,-15.15,PAYMENT,STEAM PURCHASE
140,22/09/2026,20-00-00 12345678,-15.41,PAYMENT,UBER *TRIP HELP.UBER.COM
141,23/09/2026,20-00-00 12345678,-14.06,PAYMENT,NATIONAL EXPRESS
142,24/09/2026,20-00-00 12345678,-54.89,PAYMENT,SAINSBURYS S/MKTS
143,25/09/2026,20-00-00 12345678,-11.83,PAYMENT,ALDI 3454 NEWPORT RD
144,25/09/2026,20-00-00 12345678,1450.00,CREDIT,SALARY UNIVERSITY OF ROEHAMPTON
145,25/09/2026,20-00-00 12345678,-17.60,PAYMENT,TESCO STORES 6341 CARDIFF
146,25/09/2026,20-00-00 12345678,-17.27,PAYMENT,UBER *TRIP HELP.UBER.COM
147,26/09/2026,20-00-00 12345678,-95.00,PAYMENT,CARDIFF COUNCIL TAX
148,26/09/2026,20-00-00 12345678,-21.14,PAYMENT,DELIVEROO.COM
