Transaction Date,Transaction Type,Sort Code,Account Number,Transaction Description,Debit Amount,Credit Amount,Balance
01/07/2026,DEB,'30-00-00,87654321,RENT - LANDLORD J DAVIES,650.00,,550.00
01/07/2026,DEB,'30-00-00,87654321,TURKISH BARBERS 3386,13.26,,536.74
02/07/2026,DEB,'30-00-00,87654321,LIDL GB CARDIFF,12.95,,523.79
02/07/2026,DEB,'30-00-00,87654321,TESCO STORES 2186 CARDIFF,38.39,,485.40
03/07/2026,DEB,'30-00-00,87654321,DELIVEROO.COM,21.21,,464.19
03/07/2026,DEB,'30-00-00,87654321,GWR TICKET OFFICE,32.47,,431.72
03/07/2026,DEB,'30-00-00,87654321,SAINSBURYS S/MKTS,12.96,,418.76
04/07/2026,DEB,'30-00-00,87654321,AMAZON.CO.UK*9088,10.77,,407.99
04/07/2026,DEB,'30-00-00,87654321,TESCO STORES 6991 CARDIFF,29.56,,378.43
05/07/2026,DEB,'30-00-00,87654321,ALDI 9858 NEWPORT RD,10.30,,368.13
05/07/2026,DEB,'30-00-00,87654321,PUREGYM LTD,24.99,,343.14
05/07/2026,DEB,'30-00-00,87654321,VODAFONE LTD,15.00,,328.14
06/07/2026,DEB,'30-00-00,87654321,NANDOS CARDIFF,16.98,,311.16
08/07/2026,DEB,'30-00-00,87654321,COSTA COFFEE 2341,4.72,,306.44
08/07/2026,DEB,'30-00-00,87654321,COSTA COFFEE 3945,5.10,,301.34
08/07/2026,DEB,'30-00-00,87654321,PRIMARK CARDIFF,21.73,,279.61
08/07/2026,DEB,'30-00-00,87654321,VUE CINEMAS CARDIFF,8.07,,271.54
09/07/2026,DEB,'30-00-00,87654321,CARDIFF COUNCIL TAX,95.00,,176.54
09/07/2026,DEB,'30-00-00,87654321,TRAINLINE.COM,46.37,,130.17
10/07/2026,DEB,'30-00-00,87654321,ALDI 3961 NEWPORT RD,9.89,,120.28
10/07/2026,DEB,'30-00-00,87654321,NETFLIX.COM,10.99,,109.29
11/07/2026,DEB,'30-00-00,87654321,TESCO STORES 3471 CARDIFF,22.61,,86.68
12/07/2026,DEB,'30-00-00,87654321,NATIONAL EXPRESS,33.92,,52.76
12/07/2026,DEB,'30-00-00,87654321,UBER *TRIP HELP.UBER.COM,12.96,,39.80
13/07/2026,DEB,'30-00-00,87654321,LIDL GB CARDIFF,29.43,,10.37
13/07/2026,DEB,'30-00-00,87654321,SPOTIFY P6685,11.99,,-1.62
14/07/2026,DEB,'30-00-00,87654321,TESCO STORES 7851 CARDIFF,10.58,,-12.20
15/07/2026,DEB,'30-00-00,87654321,AMAZON PRIME*6823,8.99,,-21.19
15/07/2026,DEB,'30-00-00,87654321,COSTA COFFEE 8424,4.08,,-25.27
15/07/2026,DEB,'30-00-00,87654321,OCTOPUS ENERGY,62.00,,-87.27
15/07/2026,DEB,'30-00-00,87654321,UBER *TRIP HELP.UBER.COM,16.08,,-103.35
16/07/2026,DEB,'30-00-00,87654321,MCDONALDS 7909,5.27,,-108.62
17/07/2026,DEB,'30-00-00,87654321,COSTA COFFEE 9111,5.63,,-114.25
17/07/2026,DEB,'30-00-00,87654321,TESCO STORES 4517 CARDIFF,9.39,,-123.64
18/07/2026,DEB,'30-00-00,87654321,GREGGS 2028,4.26,,-127.90
18/07/2026,DEB,'30-00-00,87654321,GREGGS 8005,5.11,,-133.01
19/07/2026,DEB,'30-00-00,87654321,GREGGS 4078,3.49,,-136.50
19/07/2026,DEB,'30-00-00,87654321,SAINSBURYS S/MKTS,57.37,,-193.87
19/07/2026,DEB,'30-00-00,87654321,UBER *TRIP HELP.UBER.COM,10.08,,-203.95
20/07/2026,DEB,'30-00-00,87654321,GREGGS 4374,3.99,,-207.94
21/07/2026,DEB,'30-00-00,87654321,LIDL GB CARDIFF,19.85,,-227.79
22/07/2026,DEB,'30-00-00,87654321,ATM CASH WITHDRAWAL 7233,58.31,,-286.10
22/07/2026,DEB,'30-00-00,87654321,MCDONALDS 2271,10.35,,-296.45
23/07/2026,DEB,'30-00-00,87654321,WATERSTONES,19.40,,-315.85
24/07/2026,DEB,'30-00-00,87654321,DELIVEROO.COM,17.18,,-333.03
25/07/2026,DEB,'30-00-00,87654321,AMAZON.CO.UK*5709,14.08,,-347.11
25/07/2026,FPI,'30-00-00,87654321,SALARY UNIVERSITY OF ROEHAMPTON,,1450.00,1102.89
27/07/2026,DEB,'30-00-00,87654321,STEAM PURCHASE,11.57,,1091.32
28/07/2026,DEB,'30-00-00,87654321,BOOTS 9134,5.29,,1086.03
01/08/2026,DEB,'30-00-00,87654321,RENT - LANDLORD J DAVIES,650.00,,436.03
03/08/2026,DEB,'30-00-00,87654321,PRIMARK CARDIFF,37.29,,398.74
05/08/2026,DEB,'30-00-00,87654321,NATIONAL EXPRESS,12.33,,386.41
05/08/2026,DEB,'30-00-00,87654321,STEAM PURCHASE,21.43,,364.98
06/08/2026,DEB,'30-00-00,87654321,DELIVEROO.COM,25.89,,339.09
06/08/2026,DEB,'30-00-00,87654321,OCTOPUS ENERGY,62.00,,277.09
06/08/2026,DEB,'30-00-00,87654321,PUREGYM LTD,24.99,,252.10
07/08/2026,DEB,'30-00-00,87654321,AMAZON PRIME*8907,8.99,,243.11
07/08/2026,DEB,'30-00-00,87654321,GREGGS 9654,3.45,,239.66
07/08/2026,DEB,'30-00-00,87654321,LIDL GB CARDIFF,9.57,,230.09
07/08/2026,DEB,'30-00-00,87654321,TESCO STORES 8219 CARDIFF,14.01,,216.08
07/08/2026,DEB,'30-00-00,87654321,TRAINLINE.COM,35.13,,180.95
08/08/2026,DEB,'30-00-00,87654321,SPOTIFY P8701,11.99,,168.96
08/08/2026,DEB,'30-00-00,87654321,UBER *TRIP HELP.UBER.COM,12.21,,156.75
09/08/2026,DEB,'30-00-00,87654321,COSTA COFFEE 9493,4.10,,152.65
09/08/2026,DEB,'30-00-00,87654321,LIDL GB CARDIFF,20.45,,132.20
10/08/2026,DEB,'30-00-00,87654321,GREGGS 2407,2.58,,129.62
11/08/2026,DEB,'30-00-00,87654321,NANDOS CARDIFF,22.97,,106.65
11/08/2026,DEB,'30-00-00,87654321,SAINSBURYS S/MKTS,15.12,,91.53
11/08/2026,DEB,'30-00-00,87654321,VODAFONE LTD,15.00,,76.53
12/08/2026,DEB,'30-00-00,87654321,LIDL GB CARDIFF,7.69,,68.84
12/08/2026,DEB,'30-00-00,87654321,NETFLIX.COM,10.99,,57.85
12/08/2026,DEB,'30-00-00,87654321,TURKISH BARBERS 3554,13.65,,44.20
12/08/2026,DEB,'30-00-00,87654321,UBER *TRIP HELP.UBER.COM,17.88,,26.32
13/08/2026,DEB,'30-00-00,87654321,TESCO STORES 2019 CARDIFF,15.05,,11.27
13/08/2026,DEB,'30-00-00,87654321,TESCO STORES 2696 CARDIFF,25.82,,-14.55
14/08/2026,FPI,'30-00-00,87654321,REFUND AMAZON.CO.UK,,22.50,7.95
16/08/2026,DEB,'30-00-00,87654321,ALDI 3012 NEWPORT RD,10.23,,-2.28
16/08/2026,DEB,'30-00-00,87654321,ALDI 8634 NEWPORT RD,20.45,,-22.73
16/08/2026,DEB,'30-00-00,87654321,GREGGS 3645,4.07,,-26.80
18/08/2026,DEB,'30-00-00,87654321,DELIVEROO.COM,26.02,,-52.82
19/08/2026,DEB,'30-00-00,87654321,SAINSBURYS S/MKTS,36.83,,-89.65
19/08/2026,DEB,'30-00-00,87654321,VUE CINEMAS CARDIFF,12.84,,-102.49
20/08/2026,DEB,'30-00-00,87654321,AMAZON.CO.UK*1031,30.54,,-133.03
21/08/2026,DEB,'30-00-00,87654321,AMAZON.CO.UK*6636,45.58,,-178.61
21/08/2026,DEB,'30-00-00,87654321,COSTA COFFEE 2491,5.09,,-183.70
21/08/2026,DEB,'30-00-00,87654321,TESCO STORES 1884 CARDIFF,24.90,,-208.60
23/08/2026,DEB,'30-00-00,87654321,COSTA COFFEE 9899,5.74,,-214.34
24/08/2026,DEB,'30-00-00,87654321,ATM CASH WITHDRAWAL 2391,48.99,,-263.33
24/08/2026,DEB,'30-00-00,87654321,CARDIFF COUNCIL TAX,95.00,,-358.33
24/08/2026,DEB,'30-00-00,87654321,GREGGS 6613,4.96,,-363.29
24/08/2026,DEB,'30-00-00,87654321,GWR TICKET OFFICE,38.74,,-402.03
24/08/2026,DEB,'30-00-00,87654321,WATERSTONES,14.32,,-416.35
25/08/2026,DEB,'30-00-00,87654321,COSTA COFFEE 9652,3.89,,-420.24
25/08/2026,FPI,'30-00-00,87654321,SALARY UNIVERSITY OF ROEHAMPTON,,1450.00,1029.76
26/08/2026,DEB,'30-00-00,87654321,BOOTS 4265,11.65,,1018.11
26/08/2026,DEB,'30-00-00,87654321,MCDONALDS 4197,10.64,,1007.47
26/08/2026,DEB,'30-00-00,87654321,UBER *TRIP HELP.UBER.COM,11.67,,995.80
27/08/2026,DEB,'30-00-00,87654321,MCDONALDS 7564,10.18,,985.62
28/08/2026,DEB,'30-00-00,87654321,TESCO STORES 7428 CARDIFF,22.73,,962.89
01/09/2026,DEB,'30-00-00,87654321,BOOTS 7297,9.30,,953.59
01/09/2026,DEB,'30-00-00,87654321,RENT - LANDLORD J DAVIES,650.00,,303.59
02/09/2026,DEB,'30-00-00,87654321,GREGGS 2601,4.03,,299.56
02/09/2026,DEB,'30-00-00,87654321,GREGGS 5071,2.77,,296.79
02/09/2026,DEB,'30-00-00,87654321,PUREGYM LTD,24.99,,271.80
02/09/2026,DEB,'30-00-00,87654321,WATERSTONES,13.10,,258.70
03/09/2026,DEB,'30-00-00,87654321,AMAZON.CO.UK*6995,8.92,,249.78
03/09/2026,DEB,'30-00-00,87654321,COSTA COFFEE 8262,3.98,,245.80
03/09/2026,DEB,'30-00-00,87654321,VODAFONE LTD,15.00,,230.80
04/09/2026,DEB,'30-00-00,87654321,ATM CASH WITHDRAWAL 2377,30.62,,200.18
04/09/2026,DEB,'30-00-00,87654321,NETFLIX.COM,10.99,,189.19
05/09/2026,DEB,'30-00-00,87654321,GWR TICKET OFFICE,18.15,,171.04
05/09/2026,DEB,'30-00-00,87654321,MCDONALDS 7826,5.85,,165.19
05/09/2026,DEB,'30-00-00,87654321,TESCO STORES 8107 CARDIFF,44.50,,120.69
05/09/2026,DEB,'30-00-00,87654321,VUE CINEMAS CARDIFF,13.10,,107.59
06/09/2026,DEB,'30-00-00,87654321,SPOTIFY P4665,11.99,,95.60
07/09/2026,DEB,'30-00-00,87654321,TESCO STORES 4457 CARDIFF,9.04,,86.56
07/09/2026,DEB,'30-00-00,87654321,TESCO STORES 5799 CARDIFF,26.54,,60.02
08/09/2026,DEB,'30-00-00,87654321,DELIVEROO.COM,27.78,,32.24
08/09/2026,DEB,'30-00-00,87654321,UBER *TRIP HELP.UBER.COM,6.88,,25.36
09/09/2026,DEB,'30-00-00,87654321,COSTA COFFEE 8411,4.52,,20.84
09/09/2026,DEB,'30-00-00,87654321,NANDOS CARDIFF,25.92,,-5.08
11/09/2026,DEB,'30-00-00,87654321,GREGGS 9492,4.12,,-9.20
14/09/2026,DEB,'30-00-00,87654321,AMAZON PRIME*9447,8.99,,-18.19
14/09/2026,DEB,'30-00-00,87654321,AMAZON.CO.UK*4207,24.76,,-42.95
14/09/2026,DEB,'30-00-00,87654321,TESCO STORES 3147 CARDIFF,10.25,,-53.20
15/09/2026,DEB,'30-00-00,87654321,LIDL GB CARDIFF,20.61,,-73.81
15/09/2026,DEB,'30-00-00,87654321,MCDONALDS 6177,5.51,,-79.32
16/09/2026,DEB,'30-00-00,87654321,ALDI 2971 NEWPORT RD,22.58,,-101.90
16/09/2026,DEB,'30-00-00,87654321,GREGGS 2738,5.53,,-107.43
17/09/2026,DEB,'30-00-00,87654321,COSTA COFFEE 9391,3.60,,-111.03
17/09/2026,DEB,'30-00-00,87654321,LIDL GB CARDIFF,18.76,,-129.79
17/09/2026,DEB,'30-00-00,87654321,LIDL GB CARDIFF,6.45,,-136.24
18/09/2026,DEB,'30-00-00,87654321,COSTA COFFEE 1456,5.28,,-141.52
18/09/2026,DEB,'30-00-00,87654321,PRIMARK CARDIFF,23.21,,-164.73
18/09/2026,DEB,'30-00-00,87654321,TURKISH BARBERS 9434,13.71,,-178.44
20/09/2026,DEB,'30-00-00,87654321,OCTOPUS ENERGY,62.00,,-240.44
21/09/2026,DEB,'30-00-00,87654321,TRAINLINE.COM,21.43,,-261.87
22/09/2026,DEB,'30-00-00,87654321,SAINSBURYS S/MKTS,31.03,,-292.90
22/09/2026,DEB,'30-00-00,87654321,STEAM PURCHASE,15.15,,-308.05
22/09/2026,DEB,'30-00-00,87654321,UBER *TRIP HELP.UBER.COM,15.41,,-323.46
23/09/2026,DEB,'30-00-00,87654321,NATIONAL EXPRESS,14.06,,-337.52
24/09/2026,DEB,'30-00-00,87654321,SAINSBURYS S/MKTS,54.89,,-392.41
25/09/2026,DEB,'30-00-00,87654321,ALDI 3454 NEWPORT RD,11.83,,-404.24
25/09/2026,FPI,'30-00-00,87654321,SALARY UNIVERSITY OF ROEHAMPTON,,1450.00,1045.76
25/09/2026,DEB,'30-00-00,87654321,TESCO STORES 6341 CARDIFF,17.60,,1028.16
25/09/2026,DEB,'30-00-00,87654321,UBER *TRIP HELP.UBER.COM,17.27,,1010.89
26/09/2026,DEB,'30-00-00,87654321,CARDIFF COUNCIL TAX,95.00,,915.89
26/09/2026,DEB,'30-00-00,87654321,DELIVEROO.COM,21.14,,894.75
